url,word_count,sentence_count,flesch_reading_ease,top_keywords
https://www.cm-alliance.com/cybersecurity-blog,326,6,-6.816181426332264,cyber|alliance|cybersecurity|training|consultancy
https://www.varonis.com/blog/cybersecurity-tips,5436,298,39.226771578661385,varonis|data|security|access|app
https://www.cisecurity.org/insights/blog/11-cyber-defense-tips-to-stay-secure-at-work-and-home,2007,134,53.03506581877568,password|passphrase|authentication|don|protect
https://www.cisa.gov/topics/cybersecurity-best-practices,1426,52,4.82975023766312,cisa|cybersecurity|cyber|practices|nation
https://www.qnbtrust.bank/Resources/Learning-Center/Blog/7-cyber-security-tips,0,0,0.0,जप|ztna|zscaler|zoom|zishing
https://nordlayer.com/learn/network-security/basics/,3766,298,21.97189918776877,network|security|monitoring|access|devices
https://www.fortinet.com/resources/cyberglossary/what-is-network-security,8449,450,14.293022152207158,network|security|cloud|access|data
https://www.cisco.com/site/us/en/learn/topics/security/what-is-network-security.html,946,56,29.252809196617363,cisco|security|network|access|secure
https://www.trendmicro.com/en_us/what-is/network-security/network-security-basics.html,2002,89,29.013388241648045,security|network|data|cloud|encryption
https://digitdefence.com/blog/fundamentals-of-network-security-in-computer-networks,21201,1404,18.919091703056807,sony|security|network|data|encryption
https://guardiandigital.com/resources/blog/guide-on-phishing,3019,200,54.57466842416392,phishing|attacks|email|protection|security
https://cofense.com/blog,524,29,42.791060606060626,cofense|phishing|cybersecurity|october|threats
https://www.connectwise.com/blog/phishing-prevention-tips,0,0,0.0,जप|ztna|zscaler|zoom|zishing
https://www.phriendlyphishing.com/blog,23,2,51.1489285714286,phishing|conditions|date|copyright|stay
https://inspiredelearning.com/blog/phishing-protection-checklist/,2375,113,27.92121678112872,phishing|elearning|attacks|scammers|emails
https://en.wikipedia.org/wiki/SD-WAN,5559,336,25.821068375890178,wan|sd|network|wans|retrieved
https://www.cisco.com/site/us/en/learn/topics/networking/what-is-sd-wan.html,551,34,27.596831655942395,wan|sd|cloud|mpls|network
https://www.fortinet.com/resources/cyberglossary/sd-wan-explained,5382,292,5.567328596360028,wan|sd|network|security|mpls
https://www.hpe.com/us/en/what-is/sd-wan.html,0,0,0.0,जप|ztna|zscaler|zoom|zishing
https://remotedesktop.google.com/,0,0,0.0,जप|ztna|zscaler|zoom|zishing
https://support.microsoft.com/en-us/windows/how-to-use-remote-desktop-5fe128d5-8fb1-7a23-3b8a-41e636865e8c,0,0,0.0,जप|ztna|zscaler|zoom|zishing
https://support.apple.com/guide/remote-desktop/welcome/mac,50,4,57.095500000000015,lists|files|computers|computer|manage
https://en.wikipedia.org/wiki/Remote_desktop_software,2770,167,28.593567083069246,remote|desktop|computer|software|retrieved
https://www.cloudflare.com/learning/access-management/what-is-ztna/,0,0,0.0,जप|ztna|zscaler|zoom|zishing
https://www.fortinet.com/solutions/enterprise-midsize-business/network-access/application-access,4535,174,28.571683917997206,ztna|fortinet|gartner|universal|access
https://www.microsoft.com/en-us/security/business/security-101/what-is-zero-trust-network-access-ztna,3876,212,15.2362497809452,ztna|access|network|security|zero
https://www.zscaler.com/resources/security-terms-glossary/what-is-zero-trust-network-access,2752,127,27.250865416150248,ztna|access|network|vpns|zscaler
https://www.efax.com/,5004,277,38.39545967699084,efax|fax|faxes|faxing|online
https://sign.dropbox.com/products/dropbox-fax,1198,56,44.15532062430324,fax|dropbox|faxes|send|computer
https://www.fax.plus/,342,27,36.157280701754416,fax|faxes|faxing|send|effortlessly
https://comfax.com/reviews/free-fax/,7757,334,58.2424936541974,fax|free|faxes|faxing|send
https://nytlicensing.com/latest/trends/content-marketing-best-practices-2022/,2897,156,43.54515910278786,content|marketing|audience|brand|industry
https://copyblogger.com/content-marketing/,18096,859,49.49208108680412,content|marketing|audience|podcast|blog
https://www.twilio.com/en-us/blog/insights/content-marketing-best-practices,10114,694,53.3112364130435,content|marketing|best|just|twilio
https://www.akkio.com/beginners-guide-to-machine-learning,21228,922,44.67101747953018,data|learning|machine|ai|models
https://medium.com/@amitvsolutions/machine-learning-101-the-complete-beginners-guide-to-machine-learning-686a30cbcf6b,4557,133,35.525381983201925,learning|data|model|machine|supervised
https://realpython.com/tutorials/data-science/,515,19,12.230953426557278,intermediate|science|data|python|2025
https://www.geeksforgeeks.org/data-science/data-science-with-python-tutorial/,746,14,-6.190489912658364,data|science|machine|learning|python
https://jakevdp.github.io/PythonDataScienceHandbook/,376,12,14.831666666666706,ipython|depth|license|numpy|python
https://www.w3schools.com/datascience/,446,17,49.7107957898879,w3schools|python|tutorial|html|free
https://towardsdatascience.com/machine-learning-basics-with-examples-part-1-c2d37247ec3d,0,0,0.0,जप|ztna|zscaler|zoom|zishing
https://www.analyticsvidhya.com/blog/2021/09/comprehensive-guide-on-machine-learning/,0,0,0.0,जप|ztna|zscaler|zoom|zishing
https://aws.amazon.com/what-is/deep-learning/,3798,223,36.7937243635449,learning|deep|generative|neural|ai
https://developers.google.com/search/docs/fundamentals/seo-starter-guide,11360,477,54.97001760563384,search|site|google|content|page
https://digitalmarketinginstitute.com/blog/what-is-seo,441,16,15.891254480286761,cathal|marketing|digital|articles|courses
https://www.coursera.org/articles/content-strategy,1561,73,45.310854633496405,content|audience|strategy|goals|ll
https://www.youtube.com/creators/how-things-work/content-creation-strategy/,1670,85,58.82153119409662,viewers|tips|creator|channel|youtube
https://digitalmarketinginstitute.com/blog/what-are-the-most-effective-digital-marketing-strategies,206,7,6.240587686567181,digital|articles|courses|jul|presentations
https://emotive.io/blog/11-essential-digital-marketing-tips,4618,194,44.11540953272774,marketing|digital|sms|customers|content
https://www.forbes.com/advisor/business/what-is-digital-marketing/,2586,132,38.55304677206851,marketing|digital|email|seo|social
https://blog.hubspot.com/marketing/what-is-digital-marketing,16567,848,45.52053117860635,marketing|digital|content|channels|media
https://www.investopedia.com/terms/s/seo.asp,0,0,0.0,जप|ztna|zscaler|zoom|zishing
https://mailchimp.com/marketing-glossary/content-marketing/,4012,212,47.89443142778387,content|marketing|audience|stage|media
https://sproutsocial.com/insights/social-media-marketing-strategy/,30540,1328,36.49662092849792,social|media|marketing|sprout|strategy
https://www.shopify.com/blog/ecommerce-seo-beginners-guide,14325,795,54.450566154540724,ecommerce|seo|keyword|keywords|search
https://www.dollardays.com/?srsltid=AfmBOopXjdOu2Kwq6fwYN9FPfB19MorSOf5UyS0EisxFSAzOm8wbl8KF,0,0,0.0,जप|ztna|zscaler|zoom|zishing
https://www.woot.com/,159,16,57.80713040563191,woot|prime|deals|llc|amazon
https://www.shopmissa.com/?srsltid=AfmBOoqr-F6zzKR-vGPqksAZp1wW4niXlINdN2eAREiMVNtHez_0-gAB,1855,2,86.26048675577819,left|aoa|quick|buy|right
https://martie.com/?srsltid=AfmBOoqTEC0QXQ3xYEvV1VWP6OX6EZboYFZDuiiilhyLfDJNbuXIZ97r,5212,17,100.65315399282278,cart|add|oz|99|shop
https://www.dealsofamerica.com/,1995,37,59.35295545812605,info|view|inch|soft|electric
https://www.dealnews.com/,5317,231,60.674522748732116,amazon|buy|deals|ago|woot
https://viewyourdeal.com/,517,36,79.71941176470591,retail|deal|shipping|shop|orders
https://americasstealsanddeals.com/,966,90,79.33463346249985,99|00|ships|retail|deal
https://www.pricegrabber.com/,58,6,68.66471264367817,deals|selected|discounts|2017|valid
https://www.wikihow.com/Make-Money-Online,291,17,56.103906673901264,money|online|article|sep|approved
https://en.wikipedia.org/wiki/Search_engine_optimization,9245,657,48.81474985220055,search|google|engine|retrieved|2007
https://simple.wikipedia.org/wiki/Search_engine_optimization,1469,104,38.64554750484746,seo|search|engine|hat|change
https://en.wikipedia.org/wiki/Content_marketing,4598,313,35.108251659654144,marketing|content|retrieved|consumers|brand
https://simple.wikipedia.org/wiki/Content_marketing,537,35,33.353270321361066,marketing|content|change|helpful|people
https://en.wikipedia.org/wiki/Machine_learning,25030,1778,27.12567626240474,learning|machine|data|algorithms|model
https://simple.wikipedia.org/wiki/Machine_learning,1927,106,6.649696233067402,learning|machine|neural|computer|network
https://en.wikipedia.org/wiki/Artificial_intelligence,45573,3646,38.94436817042032,ai|intelligence|archived|retrieved|2024
https://simple.wikipedia.org/wiki/Artificial_intelligence,4135,222,17.466431610615672,artificial|intelligence|ai|machine|human
https://en.wikipedia.org/wiki/Digital_marketing,13789,1054,32.01278987363929,marketing|digital|advertising|brand|media
https://simple.wikipedia.org/wiki/Digital_marketing,347,19,14.382784845132761,marketing|digital|channels|change|traditional
https://www.reuters.com/technology/artificial-intelligence/,0,0,0.0,जप|ztna|zscaler|zoom|zishing
https://www.cnbc.com/artificial-intelligence/,0,0,0.0,जप|ztna|zscaler|zoom|zishing
https://www.bbc.com/news/topics/c404v061z99t,0,0,0.0,जप|ztna|zscaler|zoom|zishing
https://www.theguardian.com/technology/artificialintelligenceai,310,3,58.10256634669682,2025|ai|28|29|amid
https://apnews.com/hub/artificial-intelligence,586,12,13.392844578629564,ai|nvidia|trillion|openai|microsoft
https://abcnews.go.com/alerts/technology,1861,11,39.74964612421766,months|ago3|pmoctober|2025|ago2
